<Ui xsi:schemaLocation="http://www.blizzard.com/wow/ui/ ..\FrameXML\UI.xsd">
  <Script file="Lib\LibStub\LibStub.lua"/>
  <Include file="Lib\CallbackHandler-1.0\CallbackHandler-1.0.xml"/>
  <Include file="Lib\AceGUI-3.0\AceGUI-3.0.xml"/>
  <Include file="Lib\LibSharedMedia-3.0\lib.xml"/>
  <Include file="Lib\AceGUI-3.0-SharedMediaWidgets\widget.xml"/>
  <Include file="Lib\AceAddon-3.0\AceAddon-3.0.xml"/>
  <Include file="Lib\AceConfig-3.0\AceConfig-3.0.xml"/>
  <Include file="Lib\AceDB-3.0\AceDB-3.0.xml"/>
  <Include file="Lib\AceDBOptions-3.0\AceDBOptions-3.0.xml"/>
  <Include file="Lib\AceComm-3.0\Acecomm-3.0.xml"/>
  <Include file="Lib\AceSerializer-3.0\AceSerializer-3.0.xml"/>
  <Include file="Lib\HereBeDragons\HereBeDragons-2.0.lua"/>
  <Include file="Lib\HereBeDragons\HereBeDragons-Pins-2.0.lua"/>
  <Include file="Lib\AceLocale-3.0\AceLocale-3.0.lua"/>
  <Include file="Lib\LibDeflate\LibDeflate.lua"/>
  <Include file="Lib\LibDataBroker-1.1\LibDataBroker-1.1.lua"/>
  <Include file="Lib\LibDBIcon-1.0\LibDBIcon-1.0.lua"/>
  <Include file="Lib\LibSerialize-1.0.0\LibSerialize.lua"/>
  <Include file="Lib\LibCandyBar-3.0\lib.xml"/>
  <Include file="Lib\LibDurability\LibDurability.xml"/>
</Ui>